<!DOCTYPE suite SYSTEM "http://testng.org/testng-1.0.dtd">
<suite name="linkedin Test Suite">
  <test name="linkedin Test">
  <groups>
  <run>
  <include name="Regression"></include>
  </run>
  </groups>
    <classes>
      <class name="com.linkedin.testng.common.GroupIndexTest">
      <methods>
      <include name="getUrl1"></include>
       <include name="indexPage1"></include>
        <include name="visitForgotPasswordPage1"></include>
         <exclude name="navigateIndexPage1"></exclude>
      </methods>
      </class>
    </classes>
  </test>
</suite>
